type;nom;adresse;commune_fr;potable;dog_friendly;statut;surface_m2;lat;lon
"borne_eau_potable";"";"";"Bruxelles";"oui";"";"";"";"50.8334086718";"4.345798966"
"borne_eau_potable";"";"";"Bruxelles";"oui";"";"";"";"50.8934684358";"4.3634656899"
"borne_eau_potable";"";"";"Saint-josse-ten-noode";"oui";"";"";"";"50.8491193424";"4.3695386415"
"borne_eau_potable";"";"";"Bruxelles";"oui";"";"";"";"50.817693833";"4.3725812851"
"borne_eau_potable";"";"";"Bruxelles";"oui";"";"";"";"50.8404760217";"4.3647320378"
"borne_eau_potable";"";"";"Bruxelles";"oui";"";"";"";"50.7973150152";"4.3952589401"
"borne_eau_potable";"";"";"Bruxelles";"oui";"";"";"";"50.8379300203";"4.3805995182"
"borne_eau_potable";"";"";"Saint-gilles";"oui";"";"";"";"50.8334417804";"4.3503673159"
"borne_eau_potable";"";"";"Bruxelles";"oui";"";"";"";"50.8799239593";"4.355896761"
"borne_eau_potable";"";"";"Ixelles";"oui";"";"";"";"50.8395685384";"4.3723556147"
"borne_eau_potable";"";"";"Bruxelles";"oui";"";"";"";"50.8145683921";"4.3723582276"
"borne_eau_potable";"";"";"Bruxelles";"oui";"";"";"";"50.8406691975";"4.3796905639"
"borne_eau_potable";"";"";"Bruxelles";"oui";"";"";"";"50.8493124238";"4.3381935494"
"fontaine_voirie";"";"";"Bruxelles Brussel";"";"";"";"";"50.83308678955589";"4.357889805481684"
"fontaine_voirie";"";"";"Bruxelles Brussel";"";"";"";"";"50.840404928351774";"4.38022301418419"
"fontaine_voirie";"";"";"Ixelles Elsene";"";"";"";"";"50.81981671278733";"4.411930371647959"
"fontaine_voirie";"";"";"Bruxelles Brussel";"";"";"";"";"50.85666605055187";"4.355496023131898"
"fontaine_voirie";"";"";"Schaerbeek Schaarbeek";"";"";"";"";"50.846982260519816";"4.3937709202755295"
"fontaine_voirie";"";"";"Saint-Josse-ten-Noode Sint-Joost-ten-Node";"";"";"";"";"50.83717551098568";"4.395884053305977"
"fontaine_voirie";"";"";"Bruxelles Brussel";"";"";"";"";"50.83685627973891";"4.357738664594357"
"fontaine_voirie";"";"";"Uccle Ukkel";"";"";"";"";"50.821630552694735";"4.340763147142418"
"fontaine_voirie";"";"";"Molenbeek-Saint-Jean Sint-Jans-Molenbeek";"";"";"";"";"50.88535136914024";"4.317241104468256"
"fontaine_voirie";"";"";"Schaerbeek Schaarbeek";"";"";"";"";"50.85223623766746";"4.388007517212062"
"fontaine_voirie";"";"";"Anderlecht";"";"";"";"";"50.8464873416842";"4.298823509470084"
"fontaine_voirie";"";"";"Saint-Josse-ten-Noode Sint-Joost-ten-Node";"";"";"";"";"50.83949463984114";"4.4125361109486505"
"fontaine_voirie";"";"";"Saint-Josse-ten-Noode Sint-Joost-ten-Node";"";"";"";"";"50.83743402673224";"4.407607182086181"
"fontaine_voirie";"";"";"Saint-Gilles Sint-Gillis";"";"";"";"";"50.83657017155425";"4.334355082200769"
"fontaine_voirie";"";"";"Molenbeek-Saint-Jean Sint-Jans-Molenbeek";"";"";"";"";"50.86278760223285";"4.316787558603789"
"fontaine_voirie";"";"";"Schaerbeek Schaarbeek";"";"";"";"";"50.857723583302686";"4.397676933319988"
"fontaine_voirie";"";"";"Uccle Ukkel";"";"";"";"";"50.82160846843667";"4.3424910068330105"
"fontaine_voirie";"";"";"Anderlecht";"";"";"";"";"50.83292432937978";"4.330629958580996"
"fontaine_voirie";"";"";"Bruxelles Brussel";"";"";"";"";"50.81503493937176";"4.37238995705755"
"fontaine_voirie";"";"";"Molenbeek-Saint-Jean Sint-Jans-Molenbeek";"";"";"";"";"50.863444053255144";"4.32969140071083"
"fontaine_voirie";"";"";"Saint-Gilles Sint-Gillis";"";"";"";"";"50.826956405781885";"4.344574839388728"
"etang_bassin";"Bassin 2 Château du Belvédère";"";"";"";"";"";"94.71";"50.89056166922205";"4.35499326508569"
"etang_bassin";"Mare du Kattenberg aval";"";"";"";"";"";"84.08";"50.8923347140776";"4.3498900707741015"
"etang_bassin";"Le Bassin Vert";"";"";"";"";"";"1142.19";"50.84566344701848";"4.364207678966406"
"etang_bassin";"Bassin Fontaine Anspach";"";"";"";"";"";"1801.81";"50.85328380224619";"4.34706663740771"
"etang_bassin";"Bassin circulaire";"";"";"";"";"";"560.56";"50.84698304620597";"4.384166134186724"
"etang_bassin";"Etang 2 Stuyvenberg";"";"";"";"";"";"1577.59";"50.89086605724733";"4.347067013158626"
"etang_bassin";"Etang 2 Stuyvenberg";"";"";"";"";"";"1891.78";"50.88774207043331";"4.345875053893831"
"etang_bassin";"Mare Domaine Royal de Laeken";"";"";"";"";"";"315.9";"50.884230697046874";"4.360956413429599"
"etang_bassin";"Bassin des Otaries";"";"";"";"";"";"73.14";"50.838454963593364";"4.379171853535252"
"etang_bassin";"Bassin Cheval à l'Abreuvoir";"";"";"";"";"";"147.14";"50.84694337542402";"4.382729662327347"
"etang_bassin";"Etang 4 du Tweebeek";"";"";"";"";"";"289.47";"50.9004794132794";"4.396580997742983"
"etang_bassin";"Bassin Pierre le Grand";"";"";"";"";"";"3.69";"50.842907614302064";"4.363687656546081"
"etang_bassin";"Bassin KVS / Théatre Flamand";"";"";"";"";"";"601.05";"50.8555194685575";"4.350476661840334"
"etang_bassin";"Etang Hoogleest";"";"";"";"";"";"7089.96";"50.88668493731505";"4.373520991159791"
"etang_bassin";"Mare Château du Belvédère";"";"";"";"";"";"62.73";"50.89051316048859";"4.354408599421138"
"etang_bassin";"Bassin rectangulaire ouest du Square Palmerston";"";"";"";"";"";"136.31";"50.84687591128913";"4.380391221533014"
"etang_bassin";"Bassin de la Cité Modèle";"";"";"";"";"";"1103.18";"50.89633529006497";"4.326077100359593"
"etang_bassin";"Etang de la Carpe";"";"";"";"";"";"1258.34";"50.882830652531446";"4.370172669054651"
"etang_bassin";"Bassin îlot Boulet/Marché aux Grains";"";"";"";"";"";"67.54";"50.8492861344772";"4.344860468507097"
"etang_bassin";"Etang du Centre de Recherche Solvay";"";"";"";"";"";"1774.95";"50.901315838120624";"4.399582369947539"
"etang_bassin";"Etang Osseghem";"";"";"";"";"";"8197";"50.89533973619168";"4.344697958698666"
"etang_bassin";"Etang Tour et Taxis";"";"";"";"";"";"3867.4";"50.86657014273416";"4.346881181474485"
"etang_bassin";"Bassin Prison Haren";"";"";"";"";"";"82.27";"50.89767542215239";"4.426549443945616"
"etang_bassin";"Bassin octogonal";"";"";"";"";"";"455.15";"50.84363516461737";"4.363153572158985"
"etang_bassin";"Bassin fontaine du Jardin Colonial";"";"";"";"";"";"72.44";"50.88907334316426";"4.3457669161228205"
"etang_bassin";"Monument aux pionniers belges au Congo";"";"";"";"";"";"35.45";"50.84236664380929";"4.387794715279332"
"etang_bassin";"Etang du 21 juillet";"";"";"";"";"";"25087.71";"50.88266058679253";"4.357116425616996"
"etang_bassin";"Etang 2 du Tweebeek";"";"";"";"";"";"551.33";"50.90021040709386";"4.395686427077368"
"etang_bassin";"Bassin multilobé de l'Abbaye de la Cambre";"";"";"";"";"";"53";"50.817597875389666";"4.373429342795307"
"etang_bassin";"Bassin Jardins du Fleuriste Est";"";"";"";"";"";"454.2";"50.885230168878905";"4.349182056945457"
"etang_bassin";"Bassin Jardins du Fleuriste Ouest";"";"";"";"";"";"453.5";"50.88505393364029";"4.348242300514659"
"etang_bassin";"Etang aux Palmiers";"";"";"";"";"";"9144.54";"50.892145121920976";"4.3603203473551995"
"etang_bassin";"Etang 1 du Tweebeek";"";"";"";"";"";"662.83";"50.900030724452215";"4.393662528089466"
"etang_bassin";"Etang 3 du Tweebeek";"";"";"";"";"";"195.01";"50.90040554202077";"4.39591806054403"
"etang_bassin";"Mare de lagunage 1 de la Ferme Nos Pilifs";"";"";"";"";"";"146.29";"50.90464733266046";"4.38893871539186"
"etang_bassin";"Mare de lagunage 2 de la Ferme Nos Pilifs";"";"";"";"";"";"64.01";"50.90429922843224";"4.3903210820119485"
"etang_bassin";"Bassin Osseghem - Monument Adolphe Max";"";"";"";"";"";"126.8";"50.893366247422634";"4.343762285729142"
"etang_bassin";"Bassin Sud de la place de la Belgique";"";"";"";"";"";"3432.42";"50.89794222558836";"4.338789750747695"
"etang_bassin";"Etang Prince Charles";"";"";"";"";"";"2945.33";"50.88129880924885";"4.351347871622058"
"etang_bassin";"Etang du Bois de la Cambre";"";"";"";"";"";"60151.64";"50.80422797893703";"4.381373884227713"
"etang_bassin";"Mare de lagunage 3 de la Ferme Nos Pilifs";"";"";"";"";"";"131.12";"50.904415090457526";"4.390187824395855"
"etang_bassin";"Etang Sobieski";"";"";"";"";"";"2527.58";"50.88591952451779";"4.344840822635136"
"etang_bassin";"Bassin Saint-Gery/ de la Senne";"";"";"";"";"";"205.49";"50.8475247113045";"4.346565279731715"
"etang_bassin";"Etang du Pavillon";"";"";"";"";"";"3874.12";"50.87904743827929";"4.3658827790522015"
"etang_bassin";"Douves de la Porte de Halle";"";"";"";"";"";"178.98";"50.83280675800684";"4.3450194146699825"
"etang_bassin";"Bassin rectangulaire est du Square Palmerston";"";"";"";"";"";"137.79";"50.84691193301553";"4.381636689823937"
"etang_bassin";"Etang 1 Stuyvenberg";"";"";"";"";"";"876.83";"50.89094667856262";"4.348223251680779"
"etang_bassin";"Etang 5 du Tweebeek";"";"";"";"";"";"331.83";"50.90063016304881";"4.397211067896533"
"etang_bassin";"Etang du Silure";"";"";"";"";"";"91085.78";"50.88347984986017";"4.367415555183314"
"etang_bassin";"Etang Noir";"";"";"";"";"";"11967.39";"50.88899872958701";"4.368246850126705"
"etang_bassin";"Etang Jardin du palais royal de Bruxelles";"";"";"";"";"";"763.99";"50.841188275362796";"4.3609185843371705"
"etang_bassin";"Mare à côté entreprise Solvay";"";"";"";"";"";"341.67";"50.90171211400282";"4.398117418787202"
"etang_bassin";"Bassin rectangulaire à gradins";"";"";"";"";"";"227.83";"50.84695408712603";"4.383105221074148"
"etang_bassin";"Bassin Sainte-Catherine";"";"";"";"";"";"470.12";"50.85127688079221";"4.348461003169134"
"etang_bassin";"Etang Marie-Louise";"";"";"";"";"";"15375.13";"50.84684321297078";"4.378898774609988"
"etang_bassin";"Bassin 1 Château du Belvédère";"";"";"";"";"";"19.19";"50.891264475475";"4.354779777753458"
"etang_bassin";"Mare du Kattenberg amont";"";"";"";"";"";"244.3";"50.89212053782796";"4.351733093771682"
"etang_bassin";"Etang Clémentine";"";"";"";"";"";"2496.08";"50.88585084722164";"4.343575439730985"
"etang_bassin";"Etang du Héron";"";"";"";"";"";"47154.56";"50.87946916039171";"4.362605182254251"
"etang_bassin";"Etang Nederleest";"";"";"";"";"";"2779.38";"50.88430795742304";"4.371619165896868"
"etang_bassin";"Fontaine Source Sainte-Anne";"";"";"";"";"";"2.92";"50.88738744185948";"4.35274964851275"
"etang_bassin";"Etang Léopold";"";"";"";"";"";"7258.91";"50.838893022416194";"4.379956912489"
"etang_bassin";"Bassin Nord de la place de la Belgique";"";"";"";"";"";"2407.9";"50.89860700291751";"4.33819319808919"
"fontaine_ornementale";"Fontaine La Minerve";"Place du Grand Sablon, 5";"Bruxelles";"?";"?";"actif";"";"50.841246";"4.354528"
"fontaine_ornementale";"Fontaine Agora Notre-Dame";"Parvis Notre-Dame, 8";"Bruxelles";"?";"?";"actif";"";"50.878";"4.35568"
"fontaine_ornementale";"Fontaine Breughelienne Carnaval";"Rue de Rollebeek, 11";"Bruxelles";"?";"?";"actif";"";"50.84207";"4.35273"
"fontaine_ornementale";"Fontaine Physiognomique de Magritte";"Place de Ninove, 4";"Bruxelles";"?";"?";"actif";"";"50.84925";"4.33871"
"fontaine_ornementale";"Fontaine Anspach petit bassin";"Quai aux Briques, 8";"Bruxelles";"?";"?";"actif";"";"50.85129";"4.34845"
"fontaine_ornementale";"Fontaine Bourse";"Rue Auguste Orts, 3";"Bruxelles";"?";"?";"actif";"";"50.84859";"4.3489"
"fontaine_ornementale";"Fontaine-abreuvoir la fille à la coquille";"Place des Palais, 1";"Bruxelles";"?";"?";"actif";"";"50.84349";"4.36307"
"fontaine_ornementale";"Cascade Square Marie-Louise";"Square Marie-Louise, 49";"Bruxelles";"?";"?";"actif";"";"50.84688";"4.3798"
"fontaine_ornementale";"Emile Bockstael bassin d'eau ouest";"Rue Tielemans, 21";"Bruxelles";"?";"?";"actif";"";"50.87681";"4.34747"
"fontaine_ornementale";"Fontaine de Brouckère Palfyn";"Avenue Jean Palfyn, 18";"Bruxelles";"?";"?";"actif";"";"50.89324";"4.33234"
"fontaine_ornementale";"Fontaine de la Chapelle";"Place de la Chapelle, 17";"Bruxelles";"?";"?";"actif";"";"50.84131";"4.35153"
"fontaine_ornementale";"Fontaine Breughelienne le Singe";"Rue de l'Epée, 4";"Bruxelles";"?";"?";"actif";"";"50.8383835";"4.35052"
"fontaine_ornementale";"Fontaine du Vieux Marché aux Grains";"Rue du Vieux Marché aux Grains, 19";"Bruxelles";"?";"?";"actif";"";"50.8498";"4.34614"
"fontaine_ornementale";"Fontaine Maelbeek";"Rue Joseph II, 118";"Bruxelles";"?";"?";"actif";"";"50.84418";"4.37832"
"fontaine_ornementale";"Jet Square Marie-Louise";"Square Marie-Louise, 43";"Bruxelles";"?";"?";"actif";"";"50.84684";"4.37904"
"fontaine_ornementale";"Fontaine Lions sud";"Rue de l'Amigo, 2";"Bruxelles";"?";"?";"actif";"";"50.84637";"4.35146"
"fontaine_ornementale";"Fontaine Saint-Michel terassant le démon";"Grand-Place, 8";"Bruxelles";"?";"?";"actif";"";"50.8464";"4.35182"
"fontaine_ornementale";"Fontaine Peter Benoit";"Rue François Vekemans, 89";"Bruxelles";"?";"?";"actif";"";"50.89549";"4.38839"
"fontaine_ornementale";"Fontaine Breughelienne la Galanterie";"Rue du Vieux Marché aux Grains, 1";"Bruxelles";"?";"?";"actif";"";"50.85035";"4.34706"
"fontaine_ornementale";"Fontaine Breughelienne les Commères à la fontaine";"Rue Blaes, 172";"Bruxelles";"?";"?";"actif";"";"50.83732";"4.34694"
"fontaine_ornementale";"Fontaine Anspach grand bassin";"Rue du Grand Hospice, 54";"Bruxelles";"?";"?";"actif";"";"50.85338";"4.34701"
"fontaine_ornementale";"Fontaine les Quais";"Boulevard d'Ypres, 1";"Bruxelles";"?";"?";"actif";"";"50.85557";"4.34718"
"fontaine_ornementale";"Fontaine bassin octogonal";"Place des Palais, 1";"Bruxelles";"?";"?";"actif";"";"50.84366";"4.36316"
"fontaine_ornementale";"Fontaine bassin rond";"Rue de la Loi, 1";"Bruxelles";"?";"?";"actif";"";"50.84567";"4.36421"
"fontaine_ornementale";"Bassin rectangulaire est Square Palmerston";"Avenue Palmerston, 24";"Bruxelles";"?";"?";"actif";"";"50.84692";"4.38164"
"fontaine_ornementale";"Fontaine Lions nord";"Rue de l'Amigo, 2";"Bruxelles";"?";"?";"actif";"";"50.84644";"4.35142"
"fontaine_ornementale";"Fontaine Saint-Jacques";"Rue du Marché au Charbon, 89";"Bruxelles";"?";"?";"actif";"";"50.84554";"4.34764"
"fontaine_ornementale";"Fontaine Léopold cours d'eau";"Rue Belliard, 137A";"Bruxelles";"?";"?";"actif";"";"50.83844";"4.37916"
"fontaine_ornementale";"Fontaine aux fleurs";"Rue des Chartreux, 75";"Bruxelles";"?";"?";"actif";"";"50.84811";"4.34357"
"fontaine_ornementale";"Fontaine Porte d'Anvers";"Rue de Laeken, 180";"Bruxelles";"?";"?";"actif";"";"50.85656";"4.35293"
"fontaine_ornementale";"Bassin rectangulaire à gradins Square Ambiorix";"Square Ambiorix, 5";"Bruxelles";"?";"?";"actif";"";"50.84696";"4.38312"
"fontaine_ornementale";"Bassin demi-rond Square Ambiorix";"Square Ambiorix, 1";"Bruxelles";"?";"?";"actif";"";"50.84695";"4.38273"
"fontaine_ornementale";"Bassin rectangulaire ouest Square Palmerston";"Avenue Palmerston, 2";"Bruxelles";"?";"?";"actif";"";"50.84688";"4.38039"
"fontaine_ornementale";"Fontaine du poète";"Avenue Louise, 532";"Bruxelles";"?";"?";"actif";"";"50.81504";"4.37238"
"fontaine_ornementale";"Fontaine Benelux";"Place Saint-Lambert, 38";"Bruxelles";"?";"?";"actif";"";"50.89159";"4.34455"
"fontaine_ornementale";"Fontaine l'Escaut";"Rue de l'Amigo, 2";"Bruxelles";"?";"?";"actif";"";"50.84652";"4.35153"
"fontaine_ornementale";"Fontaine la Meuse";"Rue de l'Amigo, 2";"Bruxelles";"?";"?";"actif";"";"50.84641";"4.35164"
"fontaine_ornementale";"Fontaine du Manneken Pis";"Rue du Chêne, 2";"Bruxelles";"?";"?";"actif";"";"50.84499";"4.34998"
"fontaine_ornementale";"Fontaine Auguste Orts";"Place de la Bourse, 3";"Bruxelles";"?";"?";"actif";"";"50.84855";"4.34928"
"fontaine_ornementale";"Fontaine Breughelienne les Musiciens";"Rue du Grand Hospice, 7";"Bruxelles";"?";"?";"actif";"";"50.85335";"4.35007"
"fontaine_ornementale";"Fontaine Breughelienne la Balançoire";"Place du Samedi, 12C";"Bruxelles";"?";"?";"actif";"";"50.8517";"4.3504"
"fontaine_ornementale";"Fontaine Breughelienne les Aveugles";"Petite rue au Beurre, 17";"Bruxelles";"?";"?";"actif";"";"50.84765";"4.35145"
"fontaine_ornementale";"Fontaine Breughelienne Saut au Tonneau c";"Rue Belliard, 137";"Bruxelles";"?";"?";"actif";"";"50.83769";"4.37789"
"fontaine_ornementale";"Fontaine plan d'eau KVS";"Quai au Foin, 29";"Bruxelles";"?";"?";"actif";"";"50.85553";"4.35033"
"fontaine_ornementale";"Fontaine Continental";"Place De Brouckère, 41";"Bruxelles";"?";"?";"actif";"";"50.85181";"4.35316"
"fontaine_ornementale";"Fontaine rue aux Choux";"Rue des Roses, 6";"Bruxelles";"?";"?";"actif";"";"50.85249";"4.3566"
"fontaine_ornementale";"Bassin rond Square Ambiorix";"Square Ambiorix, 14";"Bruxelles";"?";"?";"actif";"";"50.84699";"4.38417"
"fontaine_ornementale";"Cinq jets Bois de la Cambre";"Avenue du Vivier d'Oie, 4";"Bruxelles";"?";"?";"actif";"";"50.80442";"4.37835"
"fontaine_ornementale";"Emile Bockstael bassin d'eau est";"Boulevard Emile Bockstael, 246A";"Bruxelles";"?";"?";"actif";"";"50.87683";"4.34786"
"metro";"";"";"Bruxelles";"";"";"";"";"50.847898";"4.349"
"metro";"";"";"Bruxelles";"";"";"";"";"50.843483";"4.344927"
"metro";"";"";"Bruxelles";"";"";"";"";"50.851161";"4.35289"
"metro";"";"";"Bruxelles";"";"";"";"";"50.851404";"4.352492"
"metro";"";"";"Bruxelles";"";"";"";"";"50.852581";"4.347365"
"metro";"";"";"Bruxelles";"";"";"";"";"50.841885";"4.367091"
"metro";"";"";"Saint-Gilles";"";"";"";"";"50.832713";"4.343641"
"metro";"";"";"Saint-Josse-ten-Noode";"";"";"";"";"50.848897";"4.369718"
"metro";"";"";"Bruxelles";"";"";"";"";"50.85029";"4.368397"
"metro";"";"";"Bruxelles";"";"";"";"";"50.855072";"4.35847"
"metro";"";"";"Saint-Josse-ten-Noode";"";"";"";"";"50.855653";"4.35769"
"metro";"";"";"Bruxelles";"";"";"";"";"50.855257";"4.357899"
"metro";"";"";"Bruxelles";"";"";"";"";"50.896444";"4.328555"
"metro";"";"";"Bruxelles";"";"";"";"";"50.896111";"4.326707"
"metro";"";"";"Bruxelles";"";"";"";"";"50.847655";"4.349128"
"metro";"";"";"Bruxelles";"";"";"";"";"50.843681";"4.344515"
"metro";"";"";"Bruxelles";"";"";"";"";"50.846236";"4.358926"
"metro";"";"";"Bruxelles";"";"";"";"";"50.843571";"4.378137"
"metro";"";"";"Bruxelles";"";"";"";"";"50.853165";"4.346953"
"metro";"";"";"Ixelles";"";"";"";"";"50.838154";"4.362307"
"metro";"";"";"Saint-Gilles";"";"";"";"";"50.835592";"4.355692"
"metro";"";"";"Saint-Gilles";"";"";"";"";"50.835295";"4.355181"
"metro";"";"";"Saint-Gilles";"";"";"";"";"50.833658";"4.350923"
"metro";"";"";"Bruxelles";"";"";"";"";"50.833766";"4.349432"
"metro";"";"";"Saint-Gilles";"";"";"";"";"50.832605";"4.342335"
"metro";"";"";"Bruxelles";"";"";"";"";"50.845544";"4.368085"
"metro";"";"";"Bruxelles";"";"";"";"";"50.845082";"4.368487"
"metro";"";"";"Bruxelles";"";"";"";"";"50.855162";"4.357533"
"metro";"";"";"Bruxelles";"";"";"";"";"50.854953";"4.359074"
"metro";"";"";"Bruxelles";"";"";"";"";"50.855162";"4.357689"
"metro";"";"";"Bruxelles";"";"";"";"";"50.8566";"4.352633"
"metro";"";"";"Bruxelles";"";"";"";"";"50.877913";"4.348491"
"metro";"";"";"Bruxelles";"";"";"";"";"50.889921";"4.336803"
"metro";"";"";"Bruxelles";"";"";"";"";"50.890415";"4.33713"
"metro";"";"";"Bruxelles";"";"";"";"";"50.896888";"4.337353"
"metro";"";"";"Bruxelles";"";"";"";"";"50.89658";"4.329137"
"metro";"";"";"Bruxelles";"";"";"";"";"50.847232";"4.348688"
"metro";"";"";"Bruxelles";"";"";"";"";"50.84734";"4.348419"
"metro";"";"";"Bruxelles";"";"";"";"";"50.848248";"4.349157"
"metro";"";"";"Bruxelles";"";"";"";"";"50.843789";"4.345183"
"metro";"";"";"Bruxelles";"";"";"";"";"50.843222";"4.344132"
"metro";"";"";"Bruxelles";"";"";"";"";"50.851997";"4.353216"
"metro";"";"";"Bruxelles";"";"";"";"";"50.846029";"4.359338"
"metro";"";"";"Bruxelles";"";"";"";"";"50.846721";"4.358344"
"metro";"";"";"Bruxelles";"";"";"";"";"50.846631";"4.362561"
"metro";"";"";"Bruxelles";"";"";"";"";"50.842738";"4.383234"
"metro";"";"";"Bruxelles";"";"";"";"";"50.842325";"4.383064"
"metro";"";"";"Bruxelles";"";"";"";"";"50.851853";"4.347863"
"metro";"";"";"Bruxelles";"";"";"";"";"50.852949";"4.347536"
"metro";"";"";"Molenbeek-Saint-Jean";"";"";"";"";"50.854351";"4.341457"
"metro";"";"";"Bruxelles";"";"";"";"";"50.840681";"4.366097"
"metro";"";"";"Bruxelles";"";"";"";"";"50.838936";"4.361512"
"metro";"";"";"Bruxelles";"";"";"";"";"50.836131";"4.355124"
"metro";"";"";"Bruxelles";"";"";"";"";"50.835664";"4.355074"
"metro";"";"";"Bruxelles";"";"";"";"";"50.833477";"4.342809"
"metro";"";"";"Bruxelles";"";"";"";"";"50.833774";"4.343527"
"metro";"";"";"Bruxelles";"";"";"";"";"50.84533";"4.3688"
"metro";"";"";"Saint-Josse-ten-Noode";"";"";"";"";"50.849802";"4.369482"
"metro";"";"";"Bruxelles";"";"";"";"";"50.854839";"4.358399"
"metro";"";"";"Bruxelles";"";"";"";"";"50.88008";"4.348007"
"metro";"";"";"Bruxelles";"";"";"";"";"50.886227";"4.342306"
"metro";"";"";"Bruxelles";"";"";"";"";"50.885796";"4.342178"
"metro";"";"";"Bruxelles";"";"";"";"";"50.896699";"4.336813"
"metro";"";"";"Bruxelles";"";"";"";"";"50.848662";"4.35015"
"metro";"";"";"Bruxelles";"";"";"";"";"50.843051";"4.344558"
"metro";"";"";"Bruxelles";"";"";"";"";"50.840345";"4.341181"
"metro";"";"";"Bruxelles";"";"";"";"";"50.846802";"4.358656"
"metro";"";"";"Bruxelles";"";"";"";"";"50.843836";"4.376348"
"metro";"";"";"Bruxelles";"";"";"";"";"50.844078";"4.376476"
"metro";"";"";"Ixelles";"";"";"";"";"50.838163";"4.361725"
"metro";"";"";"Bruxelles";"";"";"";"";"50.845962";"4.368988"
"metro";"";"";"Saint-Josse-ten-Noode";"";"";"";"";"50.853598";"4.366153"
"metro";"";"";"Bruxelles";"";"";"";"";"50.85305";"4.365216"
"metro";"";"";"Bruxelles";"";"";"";"";"50.855346";"4.357611"
"metro";"";"";"Saint-Josse-ten-Noode";"";"";"";"";"50.855585";"4.35875"
"metro";"";"";"Saint-Josse-ten-Noode";"";"";"";"";"50.855953";"4.358754"
"metro";"";"";"Bruxelles";"";"";"";"";"50.857058";"4.352902"
"metro";"";"";"Bruxelles";"";"";"";"";"50.877787";"4.347567"
"metro";"";"";"Bruxelles";"";"";"";"";"50.879477";"4.347567"
"metro";"";"";"Bruxelles";"";"";"";"";"50.886425";"4.342135"
"metro";"";"";"Bruxelles";"";"";"";"";"50.896915";"4.337424"
"metro";"";"";"Bruxelles";"";"";"";"";"50.848797";"4.349952"
"metro";"";"";"Bruxelles";"";"";"";"";"50.843905";"4.344728"
"metro";"";"";"Bruxelles";"";"";"";"";"50.850262";"4.35174"
"metro";"";"";"Bruxelles";"";"";"";"";"50.846092";"4.358117"
"metro";"";"";"Bruxelles";"";"";"";"";"50.846496";"4.35904"
"metro";"";"";"Bruxelles";"";"";"";"";"50.846263";"4.359026"
"metro";"";"";"Bruxelles";"";"";"";"";"50.845867";"4.358373"
"metro";"";"";"Bruxelles";"";"";"";"";"50.843871";"4.377853"
"metro";"";"";"Bruxelles";"";"";"";"";"50.844761";"4.376391"
"metro";"";"";"Bruxelles";"";"";"";"";"50.842819";"4.380707"
"metro";"";"";"Bruxelles";"";"";"";"";"50.851934";"4.348232"
"metro";"";"";"Ixelles";"";"";"";"";"50.837921";"4.361157"
"metro";"";"";"Bruxelles";"";"";"";"";"50.839026";"4.361682"
"metro";"";"";"Bruxelles";"";"";"";"";"50.838748";"4.363187"
"metro";"";"";"Bruxelles";"";"";"";"";"50.83632";"4.35555"
"metro";"";"";"Bruxelles";"";"";"";"";"50.833946";"4.349829"
"metro";"";"";"Saint-Gilles";"";"";"";"";"50.833389";"4.35027"
"metro";"";"";"Bruxelles";"";"";"";"";"50.845796";"4.368071"
"metro";"";"";"Bruxelles";"";"";"";"";"50.845751";"4.36915"
"metro";"";"";"Bruxelles";"";"";"";"";"50.850425";"4.368355"
"metro";"";"";"Bruxelles";"";"";"";"";"50.857175";"4.35242"
"metro";"";"";"Bruxelles";"";"";"";"";"50.857409";"4.350204"
"metro";"";"";"Bruxelles";"";"";"";"";"50.857516";"4.349877"
"metro";"";"";"Bruxelles";"";"";"";"";"50.857957";"4.350246"
"metro";"";"";"Bruxelles";"";"";"";"";"50.872815";"4.3421"
"metro";"";"";"Bruxelles";"";"";"";"";"50.880205";"4.347254"
"metro";"";"";"Bruxelles";"";"";"";"";"50.886119";"4.341496"
"metro";"";"";"Bruxelles";"";"";"";"";"50.896896";"4.336514"
"bibliotheque";"Bibliotheek Brussel Haren";"rue de flodorp 39";"Bruxelles";"";"";"";"";"50.8911464566";"4.4164180057"
"bibliotheque";"Bibliotheek Brussel Laken";"boulevard emile bockstael 109";"Bruxelles";"";"";"";"";"50.8733996723";"4.3464503849"
"bibliotheque";"Bibliotheek Brussel Neder-over-Heembeek";"place peter benoit 22";"Bruxelles";"";"";"";"";"50.8962723131";"4.3885844287"
"bibliotheque";"Muntpunt";"place de la monnaie 6";"Bruxelles";"";"";"";"";"50.8494061337";"4.3535508007"
"bibliotheque";"Bibliothèque du Club de Jeunesse";"rue des tanneurs 178";"Bruxelles";"";"";"";"";"50.8374343101";"4.3427118849"
"bibliotheque";"Bibliothèque Charles Janssen";"boulevard emile jacqmain 62";"Bruxelles";"";"";"";"";"50.8538320691";"4.353639783"
"bibliotheque";"Bibliothèque Fernand Brunfaut";"square de la cite modele 3";"Bruxelles";"";"";"";"";"50.8953524955";"4.3236545272"
"bibliotheque";"Centre de Littérature de Jeunesse de Bruxelles - CLJBXL)";"rue du frontispice 8";"Bruxelles";"";"";"";"";"50.8584060665";"4.3516736272"
"bibliotheque";"Bibliothèque des Riches Claires";"rue des riches claires 24";"Bruxelles";"";"";"";"";"50.846962653";"4.346346816"
"bibliotheque";"Bibliothèque de Haren";"rue de la paroisse 34";"Bruxelles";"";"";"";"";"50.8926991943";"4.4206074119"
"bibliotheque";"Bibliothèque des Métiers d'Art et des Techniques (BIMA)";"boulevard de l abattoir 50";"Bruxelles";"";"";"";"";"50.8471772651";"4.3374938984"
"bibliotheque";"Bibliothèque Brand Whitlock";"rue sainte anne 10";"Bruxelles";"";"";"";"";"50.8416257027";"4.3560986984"
"bibliotheque";"Bibliothèque de Neder-Over-Heembeek";"rue francois vekemans 63";"Bruxelles";"";"";"";"";"50.8956573524";"4.3898806137"
"bibliotheque";"Bibliothèque Bruegel";"rue haute 245";"Bruxelles";"";"";"";"";"50.8366457358";"4.3480417696"
"bibliotheque";"Bibliothèque de Laeken";"boulevard emile bockstael 246";"Bruxelles";"";"";"";"";"50.8764759764";"4.3479660272"
"bibliotheque";"Bibliothèque pédagogique et d'animation Elisabeth Carter";"boulevard maurice lemonnier 122";"Bruxelles";"";"";"";"";"50.842593274";"4.3437902714"
"bibliotheque";"Bibliothèque Adolphe Max";"rue des eburons 11";"Bruxelles";"";"";"";"";"50.8486822616";"4.3783925696"
"bibliotheque";"Bibliothèque du Mutsaard";"rue gustave demanet 82";"Bruxelles";"";"";"";"";"50.8992550775";"4.3584511254"
"bibliotheque";"Bibliothèque Artistique de la Ville de Bruxelles";"rue du midi 144";"Bruxelles";"";"";"";"";"50.8441150252";"4.3477264849"
"bibliotheque";"Espace Césaire";"avenue des arts 19f";"Bruxelles";"";"";"";"";"50.8469207398";"4.3698479407"
"bibliotheque";"Bibliothèque El Baroudi - Espace Magh";"rue du poincon 17";"Bruxelles";"";"";"";"";"50.8436153495";"4.3486274696"
"infrastructure_sportive";"Complexe sportif de Laeken";"Rue du Champ de l'Eglise 73";"Bruxelles";"";"";"";"";"50.875090153";"4.3535508811"
"infrastructure_sportive";"Complexe sportif de Laeken";"Rue du Champ de l'Eglise 73";"Bruxelles";"";"";"";"";"50.875090153";"4.3535508811"
"infrastructure_sportive";"Tour à Plomb";"Rue de l'Abattoir 24";"Bruxelles";"";"";"";"";"50.8478621541";"4.3395320585"
"infrastructure_sportive";"Box120";"Boulevard Emile Bockstael 120";"Bruxelles";"";"";"";"";"50.8729455783";"4.3453047917"
"infrastructure_sportive";"Centre sportif Petit Chemin Vert";"Petit chemin Vert 99";"Bruxelles";"";"";"";"";"50.8995957258";"4.3937226549"
"infrastructure_sportive";"Stade Vander Putten";"Boulevard de l'Abattoir 51";"Bruxelles";"";"";"";"";"50.8482429807";"4.3369001132"
"infrastructure_sportive";"Centre sportif d Haren";"Rue du Hall des Sports 15";"Bruxelles";"";"";"";"";"50.8915777";"4.4205374"
"infrastructure_sportive";"Centre sportif d Haren";"Rue du Hall des Sports 15";"Bruxelles";"";"";"";"";"50.8915777";"4.4205374"
"infrastructure_sportive";"Complexe sportif de Laeken";"Rue du Champ de l'Eglise 73";"Bruxelles";"";"";"";"";"50.875090153";"4.3535508811"
"infrastructure_sportive";"Complexe sportif de Neder-Over-Heembeek";"Rue de Lombartzyde 120";"Bruxelles";"";"";"";"";"50.8928797011";"4.3769538301"
"infrastructure_sportive";"Complexe sportif de Neder-Over-Heembeek";"Rue de Lombartzyde 120";"Bruxelles";"";"";"";"";"50.8928797011";"4.3769538301"
"infrastructure_sportive";"Centre Pôle Nord";"Chaussée d'Anvers 208";"Bruxelles";"";"";"";"";"50.864926571";"4.3576480041"
"infrastructure_sportive";"Centre Pôle Nord";"Chaussée d'Anvers 208";"Bruxelles";"";"";"";"";"50.864926571";"4.3576480041"
"infrastructure_sportive";"Centre sportif Croix de Guerre";"Avenue des Croix de Guerre 3";"Bruxelles";"";"";"";"";"50.8872045254";"4.3800482166"
"infrastructure_sportive";"Centre sportif d Haren";"Rue du Hall des Sports 15";"Bruxelles";"";"";"";"";"50.8915777";"4.4205374"
"infrastructure_sportive";"Salle omnisport Rempart des Moines";"Rue du Rempart des Moines 101";"Bruxelles";"";"";"";"";"50.8498520778";"4.3427177977"
"infrastructure_sportive";"Complexe sportif de Laeken";"Rue du Champ de l'Eglise 73";"Bruxelles";"";"";"";"";"50.875090153";"4.3535508811"
"infrastructure_sportive";"Complexe sportif de Laeken";"Rue du Champ de l'Eglise 73";"Bruxelles";"";"";"";"";"50.875090153";"4.3535508811"
"infrastructure_sportive";"Piscine du Centre (Bxl)";"Rue du Chevreuil 28";"Bruxelles";"";"";"";"";"50.8378156642";"4.3459625092"
"infrastructure_sportive";"Piscine du Centre (Bxl)";"Rue du Chevreuil 28";"Bruxelles";"";"";"";"";"50.8378156642";"4.3459625092"
"infrastructure_sportive";"Complexe sportif de Neder-Over-Heembeek";"Rue de Lombartzyde 120";"Bruxelles";"";"";"";"";"50.8928797011";"4.3769538301"
"infrastructure_sportive";"Complexe sportif de Neder-Over-Heembeek";"Rue de Lombartzyde 120";"Bruxelles";"";"";"";"";"50.8928797011";"4.3769538301"
"infrastructure_sportive";"Complexe sportif Stade Roi Baudouin";"Avenue de Marathon 135";"Bruxelles";"";"";"";"";"50.8953571473";"4.3333802684"
"infrastructure_sportive";"Complexe Sportif Cynthia Bolingo";"Rue Terre-Neuve 83";"Bruxelles";"";"";"";"";"50.8409137207";"4.3454581726"
"infrastructure_sportive";"Complexe Sportif Cynthia Bolingo";"Rue Terre-Neuve 83";"Bruxelles";"";"";"";"";"50.8409137207";"4.3454581726"
"infrastructure_sportive";"Salle Omnisport Fontainas";"Rue des Six Jetons 20";"Bruxelles";"";"";"";"";"50.8460007548";"4.3456812059"
"infrastructure_sportive";"Complexe sportif de Laeken";"Rue du Champ de l'Eglise 73";"Bruxelles";"";"";"";"";"50.875090153";"4.3535508811"
"infrastructure_sportive";"Complexe sportif de Neder-Over-Heembeek";"Rue de Lombartzyde 120";"Bruxelles";"";"";"";"";"50.8928797011";"4.3769538301"
"infrastructure_sportive";"Complexe sportif Stade Roi Baudouin";"Avenue de Marathon 135";"Bruxelles";"";"";"";"";"50.8953571473";"4.3333802684"
"infrastructure_sportive";"Stade Vander Putten";"Boulevard de l'Abattoir 51";"Bruxelles";"";"";"";"";"50.8482429807";"4.3369001132"
"infrastructure_sportive";"Stade Vander Putten";"Boulevard de l'Abattoir 51";"Bruxelles";"";"";"";"";"50.8482429807";"4.3369001132"
"infrastructure_sportive";"Complexe sportif de Neder-Over-Heembeek";"Rue de Lombartzyde 120";"Bruxelles";"";"";"";"";"50.8928797011";"4.3769538301"
"infrastructure_sportive";"Complexe sportif Stade Roi Baudouin";"Avenue de Marathon 135";"Bruxelles";"";"";"";"";"50.8953571473";"4.3333802684"
"infrastructure_sportive";"Stade Vander Putten";"Boulevard de l'Abattoir 51";"Bruxelles";"";"";"";"";"50.8482429807";"4.3369001132"
"infrastructure_sportive";"Centre sportif d Haren";"Rue du Hall des Sports 15";"Bruxelles";"";"";"";"";"50.8915777";"4.4205374"
"infrastructure_sportive";"Salle Omnisport Jean Cappellemans";"Chaussée de Vilvorde 170";"Bruxelles";"";"";"";"";"50.8993945212";"4.4025859111"
"espace_sportif";"Montserrat";"Rue monserrat";"";"";"";"En service / In dienst / In service";"";"50.83469322393268";"4.349155014008427"
"espace_sportif";"Versailles Fitness";"Av. de Versailles 130";"";"";"";"En service / In dienst / In service";"";"50.896937818604364";"4.372977644798995"
"espace_sportif";"Pieremans";"pieremansstraat";"";"";"";"En service / In dienst / In service";"";"50.83503118464316";"4.345601733950619"
"espace_sportif";"Prins Leopold";"Square Prince Léopold";"";"";"";"En service / In dienst / In service";"";"50.88366352940066";"4.3408246525726275"
"espace_sportif";"T'Ogenblik";"Kortenbach 11";"";"";"";"En service / In dienst / In service";"";"50.892031236263726";"4.416888338217208"
"espace_sportif";"Maelbeekdalhof";"Jardin de la Vallée de Maelbeek";"";"";"";"En service / In dienst / In service";"";"50.84400681977857";"4.378921272748047"
"espace_sportif";"Jan Palfijn";"Square Jean Palfijn";"";"";"";"En service / In dienst / In service";"";"50.89366342048158";"4.327789451523935"
"espace_sportif";"Forum";"Av. du Forum 2";"";"";"";"En service / In dienst / In service";"";"50.89759421705039";"4.356270870790782"
"espace_sportif";"Washuisstraat - Dolto";"Rue de la Buanderie";"";"";"";"En service / In dienst / In service";"";"50.846850872235954";"4.342174996257516"
"espace_sportif";"Laagplein - Place Basse";"Sq. de la Cité Modèle";"";"";"";"En service / In dienst / In service";"";"50.89511964300442";"4.324577318082543"
"espace_sportif";"Keelbeek";"Keelbeek";"";"";"";"Partiellement hors service / Gedeeltelijk buiten gebruik / Partially out of service";"";"50.8940791359176";"4.426382785522869"
"espace_sportif";"Slakkengang - Escargot";"Vossenstraat 4";"";"";"";"En service / In dienst / In service";"";"50.83743896252188";"4.347688855156904"
"espace_sportif";"Papenvest";"Rue Rempart de Moines";"";"";"";"Partiellement hors service / Gedeeltelijk buiten gebruik / Partially out of service";"";"50.8499446786132";"4.34258448477537"
"espace_sportif";"Kraatbos - Craetbos";"Kraatveldstraat";"";"";"";"En service / In dienst / In service";"";"50.897197694628375";"4.383917037022726"
"espace_sportif";"Mutsaart - Jeux";"Av. Mutsaard 78";"";"";"";"En service / In dienst / In service";"";"50.899459697242456";"4.357155560408618"
"espace_sportif";"Les Sources (crèche)";"Rue de la Paroisse 34";"";"";"";"En service / In dienst / In service";"";"50.892443378232755";"4.421188687887417"
"espace_sportif";"Simone de Beauvoire";"?";"";"";"";"En service / In dienst / In service";"";"50.84578231194272";"4.345152345225849"
"espace_sportif";"Middelweg";"Middelweg 35";"";"";"";"En service / In dienst / In service";"";"50.88877075592854";"4.420530439502052"
"espace_sportif";"Boomgaardpad";"Sentier du Verger";"";"";"";"En service / In dienst / In service";"";"50.89113531558184";"4.383204244286328"
"espace_sportif";"Wanneke";"Avenue Wannecouter 111";"";"";"";"En service / In dienst / In service";"";"50.898559679288766";"4.362971645332695"
"espace_sportif";"Alfred Stevens";"1020 Bruxelles";"";"";"";"En service / In dienst / In service";"";"50.883036696824824";"4.342311280074265"
"espace_sportif";"Margareta";"Square Marguerite 1";"";"";"";"En service / In dienst / In service";"";"50.84703393679867";"4.385876720806498"
"espace_sportif";"Maximiliaanpark";"?";"";"";"";"En service / In dienst / In service";"";"50.8623046714831";"4.355364776213127"
"espace_sportif";"Solarium - Jeux";"Rue de Heembeek 108";"";"";"";"En service / In dienst / In service";"";"50.89124429493215";"4.377972496777261"
"espace_sportif";"Harmonie";"rue de l'Harmonie";"";"";"";"En service / In dienst / In service";"";"50.85857756173968";"4.352549196568157"
"espace_sportif";"Hooikaai";"Quai au Foin 69";"";"";"";"En service / In dienst / In service";"";"50.85556640256872";"4.34827634702256"
"espace_sportif";"Zavelput";"?";"";"";"";"En service / In dienst / In service";"";"50.89432016957914";"4.383015486071559"
"espace_sportif";"Maximiliaan Sokkel";"Av. de l'Héliport 33";"";"";"";"En service / In dienst / In service";"";"50.86415621682646";"4.356349274657562"
"espace_sportif";"Paleizen Over de Bruggen - Palais Outre Pont";"1020 Bruxelles";"";"";"";"En service / In dienst / In service";"";"50.877123812500066";"4.360358317362904"
"espace_sportif";"Warande Park - Parc de Bruxelles - Play";"Parc de Bruxelles - Warande Park";"";"";"";"En service / In dienst / In service";"";"50.84553637813088";"4.362953772596455"
"espace_sportif";"Jean Jacobs";"Jan Jacobsplein 11";"";"";"";"En service / In dienst / In service";"";"50.83515990046946";"4.352030183275187"
"espace_sportif";"Plane Horizon - Ilot Willems";"Pl. Joseph Benoît Willems";"";"";"";"En service / In dienst / In service";"";"50.87543894702613";"4.350884967459543"
"espace_sportif";"Duikerstraat";"Rue du Siphon 19";"";"";"";"En service / In dienst / In service";"";"50.881279066984426";"4.345435655880945"
"espace_sportif";"Krakeelplein - Sport";"Querelle";"";"";"";"En service / In dienst / In service";"";"50.8390820030015";"4.344217139757545"
"espace_sportif";"Steenkool";"Quai à la Houille";"";"";"";"En service / In dienst / In service";"";"50.854474082133606";"4.346626257837633"
"espace_sportif";"Laneau - Haut";"Rue Laneau 49";"";"";"";"En service / In dienst / In service";"";"50.875834792951345";"4.345498205928191"
"espace_sportif";"Werkhuizenkaai";"Quai des Usines 97";"";"";"";"En service / In dienst / In service";"";"50.87697871175508";"4.366599879285977"
"espace_sportif";"Verdun Sport";"Rue de Verdun 520";"";"";"";"En service / In dienst / In service";"";"50.894591453249724";"4.420557503303952"
"espace_sportif";"Melkerij";"?";"";"";"";"En service / In dienst / In service";"";"50.80842907451511";"4.3752188490519375"
"espace_sportif";"Krakeelplein - Jeux";"?";"";"";"";"En service / In dienst / In service";"";"50.83949729147068";"4.3447133153889865"
"espace_sportif";"Verregat";"1020 Bruxelles";"";"";"";"En service / In dienst / In service";"";"50.89889942691241";"4.331749128182655"
"espace_sportif";"Warande Park - Parc de Bruxelles - Fitness";"Parc de Bruxelles - Warande Park";"";"";"";"En service / In dienst / In service";"";"50.84591420349987";"4.362980384262356"
"espace_sportif";"Maximilaanpark groen";"?";"";"";"";"En service / In dienst / In service";"";"50.86265846656148";"4.352862450516684"
"espace_sportif";"Eglantines";"Rue Saints Pierre et Paul 15";"";"";"";"En service / In dienst / In service";"";"50.89818726182925";"4.387979148450395"
"espace_sportif";"Gieterstraat";"Rue de l'arrosoir";"";"";"";"En service / In dienst / In service";"";"50.83580009972898";"4.343782588022327"
"espace_sportif";"Pannenhuis";"1020 Bruxelles";"";"";"";"En service / In dienst / In service";"";"50.87301577877159";"4.3413394572818165"
"espace_sportif";"Wolvengracht";"wolvengracht 31";"";"";"";"En service / In dienst / In service";"";"50.849937889280575";"4.355063239593837"
"espace_sportif";"Jacques Brel";"Rue Yvonne Jospa 19";"";"";"";"En service / In dienst / In service";"";"50.851437508826265";"4.343134037460781"
"espace_sportif";"Versailles - Sport";"1120 Bruxelles";"";"";"";"En service / In dienst / In service";"";"50.89714851680634";"4.375511766415314"
"espace_sportif";"Clovis";"?";"";"";"";"En service / In dienst / In service";"";"50.84991164018705";"4.381247153125819"
"espace_sportif";"Charles";"Rue Charles Ramaekers 3/7";"";"";"";"En service / In dienst / In service";"";"50.882829586434134";"4.345104306524964"
"espace_sportif";"Elizabet";"Rue Sainte Elisabeth";"";"";"";"En service / In dienst / In service";"";"50.8930302888986";"4.416893021001631"
"espace_sportif";"Modelwijk";"Cité Modèle";"";"";"";"En service / In dienst / In service";"";"50.89538320376146";"4.322589057681252"
"espace_sportif";"Ambiorix";"square Ambiorix";"";"";"";"En service / In dienst / In service";"";"50.84668058447832";"4.383138076131966"
"espace_sportif";"Haren kasteelhof";"1130 Bruxelles";"";"";"";"En service / In dienst / In service";"";"50.896848654326654";"4.418831148067687"
"espace_sportif";"Marsupilami";"Marsupilami";"";"";"";"En service / In dienst / In service";"";"50.890452762292824";"4.341297566716193"
"espace_sportif";"De Kluis";"Rue du Ramier 16";"";"";"";"En service / In dienst / In service";"";"50.89469901936275";"4.394886815981587"
"espace_sportif";"Beyseghem";"Rue de Beyseghem 131";"";"";"";"En service / In dienst / In service";"";"50.89568580127414";"4.373070370624471"
"espace_sportif";"Mariëndal";"Val Maria";"";"";"";"En service / In dienst / In service";"";"50.900211287268554";"4.382237123727776"
"espace_sportif";"Korte groenweg";"Pt Chem. Vert 58";"";"";"";"En service / In dienst / In service";"";"50.89848637369016";"4.395327334043463"
"espace_sportif";"Jacques Creyelman (Crèche)";"Rue d'Anderlecht";"";"";"";"En service / In dienst / In service";"";"50.84577282270443";"4.344495612783525"
"espace_sportif";"Versailles - jeux";"1120 Bruxelles";"";"";"";"En service / In dienst / In service";"";"50.895996620228715";"4.375383479574064"
"espace_sportif";"Bockstael metro";"Rue Léopold I 125";"";"";"";"En service / In dienst / In service";"";"50.8779632335785";"4.348773442419933"
"espace_sportif";"Vanderputtenstadion";"slachthuislaan 51";"";"";"";"En service / In dienst / In service";"";"50.84852544467934";"4.335910485640387"
"espace_sportif";"De Halte";"De Halte / La Halte";"";"";"";"En service / In dienst / In service";"";"50.8753283555693";"4.361188637090299"
"espace_sportif";"Leopoldpark";"Rue Belliard";"";"";"";"En service / In dienst / In service";"";"50.83828639002106";"4.378112831476212"
"espace_sportif";"Oude Graanmarkt";"Rue du Vieux Marché aux Grains 5";"";"";"";"En service / In dienst / In service";"";"50.85017196659824";"4.346762277094121"
"espace_sportif";"Ossegem :: parcours santé";"1020 Bruxelles";"";"";"";"En service / In dienst / In service";"";"50.89593968111223";"4.345277370216869"
"espace_sportif";"guttenberg";"Sq. Gutenberg 5";"";"";"";"En service / In dienst / In service";"";"50.847659869658195";"4.377486393839064"
"espace_sportif";"Renpaarden";"Chalet Robinson";"";"";"";"En service / In dienst / In service";"";"50.80102058470029";"4.38209326582332"
"espace_sportif";"Willemsplein";"Pl. Joseph Benoît Willems";"";"";"";"En service / In dienst / In service";"";"50.8754745997559";"4.349899521741182"
"espace_sportif";"Solarium - Sport";"Parkadres Lombardsijdestraat/Solariumstraat";"";"";"";"En service / In dienst / In service";"";"50.8912937698568";"4.377140877583146"
"espace_sportif";"Nieuwe Graanmarkt";"?";"";"";"";"En service / In dienst / In service";"";"50.85091039478096";"4.344613755636098"
"espace_sportif";"Val Maria Sport";"Val Maria 49";"";"";"";"En service / In dienst / In service";"";"50.90019007818537";"4.382159677188869"
"espace_sportif";"Ramaekers";"Rue Alfred Stevens";"";"";"";"En service / In dienst / In service";"";"50.88230514812244";"4.344044488264967"
"lieu_culturel";"Bruxelles";"Place Sainte-Catherine 44";"";"";"";"";"";"";""
"lieu_culturel";"Bruxelles";"Rue de la Bourse";"";"";"";"";"";"";""
"lieu_culturel";"Bruxelles";"Place des Palais 7";"";"";"";"";"";"";""
"lieu_culturel";"Bruxelles";"Pavillons d'Octroi - Porte d'Anderlecht";"";"";"";"";"";"";""
"lieu_culturel";"Bruxelles";"Quai aux Pierres de Taille 7";"";"";"";"";"";"";""
"lieu_culturel";"Bruxelles";"Chemin du Gymnase 1A";"";"";"";"";"";"";""
"lieu_culturel";"Bruxelles";"Rue de la Violette 12";"";"";"";"";"";"";""
"lieu_culturel";"Bruxelles";"Rue de la Loi 3";"";"";"";"";"";"";""
"lieu_culturel";"Bruxelles";"Petite rue des Brigittines";"";"";"";"";"";"";""
"lieu_culturel";"Bruxelles (Laeken)";"Alée du Rubis (Cité Modèle)";"";"";"";"";"";"";""
"lieu_culturel";"Bruxelles (Laeken)";"Rue Hubert Stiernet 2F-4";"";"";"";"";"";"";""
"lieu_culturel";"Bruxelles (Laeken)";"Boulevard Emile Bockstael 246A";"";"";"";"";"";"";""
"lieu_culturel";"Bruxelles";"Grand-Place";"";"";"";"";"";"";""
"lieu_culturel";"Bruxelles";"Rue des Riches Claires 24";"";"";"";"";"";"";""
"lieu_culturel";"Bruxelles";"Chaussée d'Anvers 208";"";"";"";"";"";"";""
"lieu_culturel";"Bruxelles";"Rue du Marché-aux-Herbes 66";"";"";"";"";"";"";""
"lieu_culturel";"Bruxelles (Neder-Over-Heembeek)";"Place Saint-Nicolas 3";"";"";"";"";"";"";""
"lieu_culturel";"Bruxelles";"Grand-Place";"";"";"";"";"";"";""
"lieu_culturel";"Bruxelles";"Parc de Bruxelles";"";"";"";"";"";"";""
"lieu_culturel";"Bruxelles";"Rue des Chartreux 26-28";"";"";"";"";"";"";""
"lieu_culturel";"Bruxelles";"Rue des Renards 1F";"";"";"";"";"";"";""
"lieu_culturel";"Bruxelles";"Rue de la Violette 12";"";"";"";"";"";"";""
"lieu_culturel";"Bruxelles";"Rue du Marais 57";"";"";"";"";"";"";""
"lieu_culturel";"Bruxelles";"Rue du Chêne 19";"";"";"";"";"";"";""
"lieu_culturel";"Bruxelles";"Rue des Tanneurs 75-77";"";"";"";"";"";"";""
"lieu_culturel";"Bruxelles";"Rue de Flandre 46";"";"";"";"";"";"";""
"lieu_culturel";"Bruxelles (Laeken)";"Place de Belgique 1";"";"";"";"";"";"";""
"lieu_culturel";"Bruxelles";"Rue des Tanneurs 65";"";"";"";"";"";"";""
"lieu_culturel";"Bruxelles";"Place Sainte-Catherine 16";"";"";"";"";"";"";""